"Marca temporal","Escribe tu nombre completo","¿Puedes asistir?","Número de acompañantes","Indica el nombre de tu acompañante. (si es que tendrás acompañante)."
"2021/05/10 4:33:50 a. m. GMT-5","","Sí, allí estaré","2",""
"2021/05/11 12:24:09 p. m. GMT-5","Carolina Retta","Sí, allí estaré","1","René Ariyama"
"2021/05/11 10:19:45 p. m. GMT-5","Daniela González Escobedo ","Sí, allí estaré","1 acompañante","Alejandro Coronado Pulgarin "
"2021/05/11 10:22:10 p. m. GMT-5","Montserrat Vázquez Espinoza ","Sí, allí estaré","1 acompañante","Fernando "
"2021/05/11 10:22:13 p. m. GMT-5","Ana Sofía Díaz garcia ","Sí, allí estaré","0 acompañante",""
"2021/05/11 10:23:37 p. m. GMT-5","Luis Eduardo Ramos Aguilar ","Sí, allí estaré","0 acompañante",""
"2021/05/11 10:24:23 p. m. GMT-5","Larissa Elizabeth Dávila Patlán","Sí, allí estaré","0 acompañante",""
"2021/05/11 10:27:44 p. m. GMT-5","Marla Fernandez Sanchez","Sí, allí estaré","1 acompañante","Nelson Ollervides Lara"
"2021/05/11 10:27:50 p. m. GMT-5","Jorge Alejandro Rojas Galvan","Sí, allí estaré","1 acompañante","Anel Rodriguez Treviño "
"2021/05/11 10:33:44 p. m. GMT-5","ERICK ALEJANDRO ESPINOSA CAMPOS ","Sí, allí estaré","1 acompañante","MARIA FERNANDA SÁNCHEZ SALAZAR "
"2021/05/11 10:35:35 p. m. GMT-5","Berenice del Carmen Ruiz Ramos","Sí, allí estaré","1 acompañante","Marco Adán "
"2021/05/11 10:35:40 p. m. GMT-5","Héctor Eduardo Montes Ruiz ","Sí, allí estaré","1 acompañante","Galilea Alvarado "
"2021/05/11 10:37:20 p. m. GMT-5","Daniela Espinoza","Sí, allí estaré","1 acompañante","Emiliano Lara "
"2021/05/11 10:39:17 p. m. GMT-5","Horacio Alejandro Méndez Saucedo ","Sí, allí estaré","1 acompañante","Celeste Gonzalez "
"2021/05/11 10:39:23 p. m. GMT-5","Felipe de Jesús montes Ruiz ","Sí, allí estaré","1 acompañante","Marlyn Martinez "
"2021/05/11 10:40:28 p. m. GMT-5","Gustavo Aldaco Sandoval","Sí, allí estaré","1 acompañante",""
"2021/05/11 10:42:15 p. m. GMT-5","Nallely Alejandra Sánchez Carranza ","Sí, allí estaré","1 acompañante","Pablo Daniel Chávez López "
"2021/05/11 10:44:39 p. m. GMT-5","Luis Alberto Nájera Torres","Sí, allí estaré","1 acompañante","Leissly Moncerrath Pérez Espinoza"
"2021/05/11 10:49:15 p. m. GMT-5","Sofia Sánchez Alejandro ","Sí, allí estaré","0 acompañante",""
"2021/05/11 10:49:22 p. m. GMT-5","Rogelio Cordova Garcia","Sí, allí estaré","1 acompañante","Sarah Sanchez"
"2021/05/11 10:56:53 p. m. GMT-5","Ana Roció Retta Riojas ","No puedo, lo siento","1 acompañante","El fantasma "
"2021/05/11 11:07:02 p. m. GMT-5","Yadira Alejandra Palomo Rodriguez ","Sí, allí estaré","1 acompañante","Omar Alejandro Requenes Valadez "
"2021/05/11 11:12:42 p. m. GMT-5","Jose Lucio Garcia Campos ","Sí, allí estaré","1 acompañante","Silvia Karina Mancillas Coronado "
"2021/05/11 11:21:32 p. m. GMT-5","HECTOR GALLEGOS MONTES","Sí, allí estaré","1 acompañante","BETZAIDA CERNA"
"2021/05/11 11:26:52 p. m. GMT-5","Daniela Quilantán Rangel","Sí, allí estaré","1 acompañante","Hiarem García Zertuche "
"2021/05/11 11:30:40 p. m. GMT-5","Karla Alejandra Paredes Lopez","Sí, allí estaré","0 acompañante",""
"2021/05/11 11:35:39 p. m. GMT-5","Ana Gloria Vidal Hernández","Sí, allí estaré","1 acompañante","Pablo Izaguirre Rodríguez"
"2021/05/12 12:13:01 a. m. GMT-5","Karla Vanessa Padilla Borjón ","Sí, allí estaré","0 acompañante",""
"2021/05/12 6:55:27 a. m. GMT-5","Carlos Humberto Cruz Ortega","Sí, allí estaré","1 acompañante","Alejandra Elizabet Sarmiento Cervera"
"2021/05/12 7:56:15 a. m. GMT-5","Laura Elena Riojas Dávila ","Sí, allí estaré","0 acompañante",""
"2021/05/12 11:25:00 a. m. GMT-5","Marco Antonio Fernández Sánchez ","Sí, allí estaré","0 acompañante",""
"2021/05/12 11:25:52 a. m. GMT-5","Jorge Armando Lopez Jimenez","Sí, allí estaré","1 acompañante","La totis"
"2021/05/12 11:27:49 a. m. GMT-5","Alberto Guevara Davila ","Sí, allí estaré","1 acompañante","Laura Ortiz"
"2021/05/12 12:05:01 p. m. GMT-5","Rodrigo Ochoa Salinas","Sí, allí estaré","1 acompañante","Andrea Terrazas Hernández "
"2021/05/12 12:15:58 p. m. GMT-5","Aldo Espinosa Campos","Sí, allí estaré","1 acompañante","Fatima Vázquez del Bosque "
"2021/05/12 2:43:59 p. m. GMT-5","Jonathan interial ortiz","Sí, allí estaré","1 acompañante","Paola Salazar"
"2021/05/12 4:31:26 p. m. GMT-5","Rodrigo Dávila Aguilar","Sí, allí estaré","1 acompañante","Dana Valeria Meza Perez"
"2021/05/12 10:13:28 p. m. GMT-5","Luis Enrique Sánchez Gutiérrez ","Sí, allí estaré","1 acompañante","Karla Guerrero Guevara "
"2021/05/13 10:04:08 a. m. GMT-5","Karen Ramos Aguilar ","Sí, allí estaré","0 acompañante",""
"2021/05/13 10:04:39 a. m. GMT-5","Greta Velez hurtado ","Sí, allí estaré","0 acompañante",""
"2021/05/14 6:42:29 p. m. GMT-5","Martha Lidia Davila Flores","Sí, allí estaré","1 acompañante","Daniel Cruz Interial "
"2021/05/15 6:00:40 p. m. GMT-5","Javier Garcia Rosas ","Sí, allí estaré","1 acompañante","Sarahí Almaguer "
"2021/05/17 3:33:26 p. m. GMT-5","Adrian Davila Flores ","Sí, allí estaré","0 acompañante",""
"2021/05/19 9:12:43 p. m. GMT-5","Miguel Eduardo Alvarez Cardenas ","Sí, allí estaré","1 acompañante","Paola Alvarado"
"2021/05/19 9:37:08 p. m. GMT-5","HÉCTOR MANUEL HERNÁNDEZ VÁSQUEZ ","Sí, allí estaré","1 acompañante","KARLA PATRICIA RODRIGUEZ CARRIZALES"
"2021/05/20 11:03:44 a. m. GMT-5","Luis Felipe Avalos Coronado ","Sí, allí estaré","1 acompañante","Pamela Valenciano"
"2021/05/21 9:52:51 p. m. GMT-5","Rubí López ","Sí, allí estaré","1 acompañante",""
"2021/05/22 9:58:32 a. m. GMT-5","Martha Lidia Flores Berain","Sí, allí estaré","1 acompañante","Jose Guadalupe Davila Sanchez"
"2021/05/22 2:22:16 p. m. GMT-5","Jorge Ramos González ","Sí, allí estaré","1 acompañante","Valeria Aleman"
"2021/05/22 9:07:57 p. m. GMT-5","Carlos Andrés Ramírez Ramírez ","Sí, allí estaré","1 acompañante","Johal zoama García flores "
"2021/05/23 12:35:31 p. m. GMT-5","Julia angelica campos rodriguez","Sí, allí estaré","1 acompañante","Ana Hernández "
"2021/05/23 2:59:16 p. m. GMT-5","Tania Gallegos","Sí, allí estaré","1 acompañante",""
"2021/05/25 11:34:46 a. m. GMT-5","Adrian Rivera Martinez ","Sí, allí estaré","0 acompañante",""
"2021/05/26 2:32:24 p. m. GMT-5","Omar Yahir Rodríguez cardenas ","Sí, allí estaré","1 acompañante","Sofia "
"2021/05/26 5:02:59 p. m. GMT-5","JOSE MARIA DAVILA FLORES","Sí, allí estaré","1 acompañante",""
"2021/05/26 5:03:23 p. m. GMT-5","JOSE MARIA DAVILA TORRES","Sí, allí estaré","1 acompañante",""
"2021/05/26 5:04:27 p. m. GMT-5","GLORIA MARTHA RIOJAS DAVILA","Sí, allí estaré","0 acompañante",""
"2021/05/26 5:04:47 p. m. GMT-5","MARIA DEL CARMEN GALVAN TELLO","Sí, allí estaré","0 acompañante",""
"2021/05/28 9:55:30 p. m. GMT-5","Josue Bocardo","Sí, allí estaré","1 acompañante",""
"2021/05/29 12:04:15 a. m. GMT-5","Roman López ","Sí, allí estaré","1 acompañante","Carolina Guerrero"
"2021/05/30 12:44:22 p. m. GMT-5","Hiram Ratziel Guadarrama Zapata","Sí, allí estaré","1 acompañante","Sofía Cantú"
"2021/05/30 6:49:13 p. m. GMT-5","Salvador Lara RIvera","Sí, allí estaré","1 acompañante","Valeria Dávila Recio"
"2021/05/31 11:19:44 a. m. GMT-5","Daniel de Jesús Martinez Sosa ","Sí, allí estaré","1 acompañante","Diana Gabriela Berlanga Velázquez "
"2021/05/31 6:46:42 p. m. GMT-5","José Eduardo Castillo Cabello","Sí, allí estaré","1 acompañante","Sahira Elizabeth Barajas Sandoval "
"2021/05/31 7:03:51 p. m. GMT-5","Arturo Guevara Dávila","Sí, allí estaré","1 acompañante","María Fernanda Martinez Palma"
"2021/06/01 11:01:31 a. m. GMT-5","Grecia Maria García Carrillo","Sí, allí estaré","1 acompañante","Keneth Alejandro González Sánchez"
"2021/06/01 11:13:18 p. m. GMT-5","Francisco Javier Quintanilla Escobedo","Sí, allí estaré","1 acompañante","Fabiola Monserrat Martinez Alvarado"
"2021/06/01 11:25:47 p. m. GMT-5","René Eliel Delgado Soto","Sí, allí estaré","1 acompañante","Luisa canales"
"2021/06/02 6:17:04 a. m. GMT-5","Josue Fabian Moreno Bocardo","Sí, allí estaré","1 acompañante","Sarah sanchez "
"2021/06/02 7:30:41 a. m. GMT-5","Félix Rodríguez Poblano ","Sí, allí estaré","1 acompañante",""
"2021/06/02 10:42:04 a. m. GMT-5","Félix Rodríguez ","Sí, allí estaré","1 acompañante",""
"2021/06/02 12:35:33 p. m. GMT-5","Rogelio Cordova Garcia","Sí, allí estaré","1 acompañante","Karina Garza"
"2021/06/02 6:55:49 p. m. GMT-5","Nestor Gonzalez chaires ","Sí, allí estaré","0 acompañante",""
"2021/06/03 12:10:42 a. m. GMT-5","Alejandra Anahí Rodríguez Sausedo","Sí, allí estaré","1 acompañante","Mario Alberto Arredondo Ledezma"
"2021/06/03 1:16:28 p. m. GMT-5","Fabiola Abigail Leos Del Bosque ","Sí, allí estaré","0 acompañante",""
"2021/06/05 11:26:38 a. m. GMT-5","Diego Garza","Sí, allí estaré","1 acompañante","Liz lopez"
"2021/06/06 9:33:00 a. m. GMT-5","Jose Daniel Mandujano Castruita ","Sí, allí estaré","1 acompañante","Ana Marcela Echevarría Sepulveda "
"2021/06/07 1:24:51 p. m. GMT-5","Grecia Astrid Contreras martinez","Sí, allí estaré","0 acompañante",""